{
  "name": "Alert",
  "form": "309a66af-4817-40df-a789-6b54e32e7727",
  "blocks": [
    {
      "id": "08952a75-dad0-4e85-9cc4-cc1647596700",
      "label": "Alert - Inbound from honeycomb.io",
      "environment": "HOSTED",
      "presentation": "{\"w\":60,\"x\":0,\"h\":60,\"y\":40}",
      "step": "f0f6a927-4e5e-484a-ae26-7be4fa85cec0",
      "stepType": "INTEGRATION"
    },
    {
      "id": "dbb7b9e0-b1cd-4dbe-a643-c9842fc65307",
      "label": "Create Event - Alert",
      "environment": "HOSTED",
      "presentation": "{\"w\":60,\"x\":440,\"h\":60,\"y\":340}",
      "step": "309a66af-4817-40df-a789-6b54e32e7727",
      "stepType": "CREATE_EVENT",
      "inputMappings": [
        {
          "inputPort": "input",
          "mapping": "${08952a75-dad0-4e85-9cc4-cc1647596700.trigger_description}",
          "sectionItemKey": "ebdeae3d-f6e7-4626-a886-a4d742193cb9"
        },
        {
          "inputPort": "input",
          "mapping": "${08952a75-dad0-4e85-9cc4-cc1647596700.status}",
          "sectionItemKey": "ed9ea7d7-700e-41da-927f-5e366db70404"
        },
        {
          "inputPort": "input",
          "mapping": "${08952a75-dad0-4e85-9cc4-cc1647596700.operator}",
          "sectionItemKey": "49c137df-6dc5-48bb-b25b-b59f5f109759"
        },
        {
          "inputPort": "input",
          "mapping": "${08952a75-dad0-4e85-9cc4-cc1647596700.result_url}",
          "sectionItemKey": "dcb7074b-6a80-4f28-b220-9a9868f8bd5c"
        },
        {
          "inputPort": "input",
          "mapping": "ipugh",
          "sectionItemKey": "recipients"
        },
        {
          "inputPort": "input",
          "mapping": "${08952a75-dad0-4e85-9cc4-cc1647596700.result_groups_triggered}",
          "sectionItemKey": "cc9cb35a-06dc-4cd4-b536-e2910ac0d052"
        },
        {
          "inputPort": "input",
          "mapping": "${08952a75-dad0-4e85-9cc4-cc1647596700.id}",
          "sectionItemKey": "fbaed5cb-e2a4-4576-a797-a00379566df9"
        },
        {
          "inputPort": "input",
          "mapping": "${08952a75-dad0-4e85-9cc4-cc1647596700.description}",
          "sectionItemKey": "ec1f112b-e319-405d-b9f8-dad0cb379aaf"
        },
        {
          "inputPort": "input",
          "mapping": "${08952a75-dad0-4e85-9cc4-cc1647596700.trigger_url}",
          "sectionItemKey": "a8832a5a-da44-42ef-93cc-f4372b10948e"
        },
        {
          "inputPort": "input",
          "mapping": "${08952a75-dad0-4e85-9cc4-cc1647596700.summary}",
          "sectionItemKey": "0acb3f77-cb1f-4d1d-aa46-c271771a79e7"
        },
        {
          "inputPort": "input",
          "mapping": "${08952a75-dad0-4e85-9cc4-cc1647596700.name}",
          "sectionItemKey": "d8800335-1361-4dcc-adee-134da5bed9ef"
        },
        {
          "inputPort": "input",
          "mapping": "${08952a75-dad0-4e85-9cc4-cc1647596700.threshold}",
          "sectionItemKey": "ba5bbb2b-f4d7-4253-b618-16807ad3a91f"
        },
        {
          "inputPort": "input",
          "mapping": "${08952a75-dad0-4e85-9cc4-cc1647596700.is_test}",
          "sectionItemKey": "e58082d8-9a88-4324-a9aa-0765a07f17db"
        },
        {
          "inputPort": "input",
          "mapping": "${08952a75-dad0-4e85-9cc4-cc1647596700.result_groups}",
          "sectionItemKey": "956dc145-f431-41f2-8bea-e28de33536b6"
        }
      ]
    },
    {
      "id": "6a248787-a0e3-4a3d-aa38-230af25d071b",
      "label": "Get Events",
      "environment": "HOSTED",
      "presentation": "{\"w\":60,\"x\":440,\"h\":60,\"y\":190}",
      "step": "f36cf6ba-2225-5cb3-831f-030a05527c72",
      "stepType": "SCRIPT_STEP",
      "inputMappings": [
        {
          "inputPort": "input",
          "mapping": "ACTIVE",
          "stepInput": "fa86536b-3508-56de-884b-503596bd64c2"
        },
        {
          "inputPort": "input",
          "mapping": "id#en",
          "stepInput": "72cd05cc-dfe2-5933-b85c-edcf1df9f56f"
        },
        {
          "inputPort": "input",
          "mapping": "${08952a75-dad0-4e85-9cc4-cc1647596700.id}",
          "stepInput": "b58893a5-ffaf-502d-982b-613dcd7b2232"
        },
        {
          "inputPort": "input",
          "mapping": "TRUE",
          "stepInput": "3bb89cc9-b89f-5291-9c54-1da7bc6c051a"
        },
        {
          "inputPort": "input",
          "mapping": "Alert",
          "stepInput": "a6262279-d10d-5708-a7b9-1734f8c52ec2"
        }
      ]
    },
    {
      "id": "2483a3ff-0c2b-481b-bb97-06043010392c",
      "label": "Switch",
      "environment": "HOSTED",
      "presentation": "{\"w\":60,\"x\":220,\"h\":60,\"y\":55}",
      "stepType": "SWITCH",
      "inputMappings": [
        {
          "inputPort": "input",
          "mapping": "${08952a75-dad0-4e85-9cc4-cc1647596700.status}"
        }
      ],
      "switchCases": [
        {
          "caseId": "af5a8b58-c31f-46c3-8888-03c33b7a8fe6",
          "caseValue": "OK"
        }
      ]
    },
    {
      "id": "44054243-28d3-4dae-83ce-dd79e5117493",
      "label": "Switch",
      "environment": "HOSTED",
      "presentation": "{\"w\":60,\"x\":660,\"h\":60,\"y\":205}",
      "stepType": "SWITCH",
      "inputMappings": [
        {
          "inputPort": "input",
          "mapping": "${6a248787-a0e3-4a3d-aa38-230af25d071b.Total Event Count}"
        }
      ],
      "switchCases": [
        {
          "caseId": "93864fa7-c91e-47c4-906f-4ab1349024d4",
          "caseValue": "0"
        }
      ]
    },
    {
      "id": "f047ff02-411a-4400-9719-23759e1b07d0",
      "label": "Terminate Events",
      "environment": "HOSTED",
      "presentation": "{\"w\":60,\"x\":880,\"h\":60,\"y\":490}",
      "step": "798e3053-b4b4-5e8c-ba84-8a11c3be6237",
      "stepType": "SCRIPT_STEP",
      "inputMappings": [
        {
          "inputPort": "input",
          "mapping": "${6a248787-a0e3-4a3d-aa38-230af25d071b.Event IDs}",
          "stepInput": "4fdf2591-4925-5682-8911-f0163d7f98dd"
        }
      ]
    }
  ],
  "edges": [
    {
      "fromBlock": "08952a75-dad0-4e85-9cc4-cc1647596700",
      "fromPort": "output",
      "toBlock": "2483a3ff-0c2b-481b-bb97-06043010392c",
      "toPort": "input"
    },
    {
      "fromBlock": "2483a3ff-0c2b-481b-bb97-06043010392c",
      "fromPort": "output",
      "toBlock": "dbb7b9e0-b1cd-4dbe-a643-c9842fc65307",
      "toPort": "input"
    },
    {
      "fromBlock": "2483a3ff-0c2b-481b-bb97-06043010392c",
      "fromPort": "af5a8b58-c31f-46c3-8888-03c33b7a8fe6",
      "toBlock": "6a248787-a0e3-4a3d-aa38-230af25d071b",
      "toPort": "input"
    },
    {
      "fromBlock": "44054243-28d3-4dae-83ce-dd79e5117493",
      "fromPort": "output",
      "toBlock": "f047ff02-411a-4400-9719-23759e1b07d0",
      "toPort": "input"
    },
    {
      "fromBlock": "6a248787-a0e3-4a3d-aa38-230af25d071b",
      "fromPort": "output",
      "toBlock": "44054243-28d3-4dae-83ce-dd79e5117493",
      "toPort": "input"
    }
  ]
}