[
  {
    "id": "32c5fdef-6495-4bd7-8192-69d72d17f77b",
    "name": "Inbound from honeycomb.io",
    "description": "",
    "icon": "https://s3-xmatters-static.s3.amazonaws.com/null/customers/aa4ff4cd-06da-460c-b2d0-bb34ad66da69/IMAGE__20200709171018351__honeycomb.png",
    "script": "var payload = JSON.parse(request.body);\n\noutput['json'] = payload;\noutput['name'] = payload.name;\noutput['id'] = payload.id;\noutput['trigger_description'] = payload.trigger_description;\noutput['status'] = payload.status;\noutput['summary'] = payload.summary;\noutput['description'] = payload.description;\noutput['operator'] = payload.operator;\noutput['threshold'] = payload.threshold;\noutput['result_url'] = payload.result_url;\noutput['result_groups'] = payload.result_groups;\noutput['result_groups_triggered'] = payload.result_groups_triggered;\noutput['trigger_url'] = payload.trigger_url;\noutput['is_test'] = payload.is_test;",
    "allowedEnvironment": "HOSTED",
    "accessibleByAll": "NotShared",
    "triggerAuthType": "URL_AUTH",
    "scriptStepType": "CUSTOM_HTTP",
    "inputs": [],
    "outputs": [
      {
        "id": "11fd2a61-b04a-4ebb-93ed-35fbb3772028",
        "name": "json",
        "position": 0
      },
      {
        "id": "6a354119-b4c7-4b0b-8c57-5f412d5e0cec",
        "name": "name",
        "position": 1
      },
      {
        "id": "98d6db52-9c0a-4b6d-b9c6-c788ce3a43dd",
        "name": "id",
        "position": 2
      },
      {
        "id": "2975194e-6de7-4ec0-831f-ac6589ab34e7",
        "name": "trigger_description",
        "position": 3
      },
      {
        "id": "6f31f693-2856-4023-bd2f-9d38d6dfe2cb",
        "name": "status",
        "position": 4
      },
      {
        "id": "9e8ecabd-b644-406f-b856-6798c775770c",
        "name": "summary",
        "position": 5
      },
      {
        "id": "9765409a-0266-4326-bad0-5a1239a5c1ee",
        "name": "description",
        "position": 6
      },
      {
        "id": "a1cd473b-67d0-4e22-99a0-963be51c7e05",
        "name": "operator",
        "position": 7
      },
      {
        "id": "9841efd5-9869-4c4f-812d-f744e7453356",
        "name": "threshold",
        "position": 8
      },
      {
        "id": "9962e19d-1a58-42bd-93fa-a31deef52cbe",
        "name": "result_url",
        "position": 9
      },
      {
        "id": "350e4407-bc28-43ee-93f7-eb7fe331e720",
        "name": "result_groups",
        "position": 10
      },
      {
        "id": "63b9083c-0f0d-4cd0-aac8-5c8ba677e46c",
        "name": "result_groups_triggered",
        "position": 11
      },
      {
        "id": "9a93a687-fb13-4c3c-9890-51fc01c49a22",
        "name": "trigger_url",
        "position": 12
      },
      {
        "id": "fad84dfd-3a7e-446c-a153-0ce88e2c95f7",
        "name": "is_test",
        "position": 13
      }
    ],
    "libraries": []
  }
]