[
  {
    "baseType": 3,
    "name": "description",
    "defaultValue": "",
    "description": "",
    "helpText": "",
    "isSystem": false,
    "minLength": 0,
    "maxLength": 2000,
    "validationRegex": "",
    "isValidate": false,
    "uuid": "ec1f112b-e319-405d-b9f8-dad0cb379aaf"
  },
  {
    "baseType": 3,
    "name": "id",
    "defaultValue": "",
    "description": "",
    "helpText": "",
    "isSystem": false,
    "minLength": 0,
    "maxLength": 30,
    "validationRegex": "",
    "isValidate": false,
    "uuid": "fbaed5cb-e2a4-4576-a797-a00379566df9"
  },
  {
    "baseType": 3,
    "name": "is_test",
    "defaultValue": "",
    "description": "",
    "helpText": "",
    "isSystem": false,
    "minLength": 0,
    "maxLength": 30,
    "validationRegex": "",
    "isValidate": false,
    "uuid": "e58082d8-9a88-4324-a9aa-0765a07f17db"
  },
  {
    "baseType": 3,
    "name": "name",
    "defaultValue": "",
    "description": "",
    "helpText": "",
    "isSystem": false,
    "minLength": 0,
    "maxLength": 200,
    "validationRegex": "",
    "isValidate": false,
    "uuid": "d8800335-1361-4dcc-adee-134da5bed9ef"
  },
  {
    "baseType": 3,
    "name": "operator",
    "defaultValue": "",
    "description": "",
    "helpText": "",
    "isSystem": false,
    "minLength": 0,
    "maxLength": 200,
    "validationRegex": "",
    "isValidate": false,
    "uuid": "49c137df-6dc5-48bb-b25b-b59f5f109759"
  },
  {
    "baseType": 3,
    "name": "result_groups",
    "defaultValue": "",
    "description": "",
    "helpText": "",
    "isSystem": false,
    "minLength": 0,
    "maxLength": 20000,
    "validationRegex": "",
    "isValidate": false,
    "uuid": "956dc145-f431-41f2-8bea-e28de33536b6"
  },
  {
    "baseType": 3,
    "name": "result_groups_triggered",
    "defaultValue": "",
    "description": "",
    "helpText": "",
    "isSystem": false,
    "minLength": 0,
    "maxLength": 20000,
    "validationRegex": "",
    "isValidate": false,
    "uuid": "cc9cb35a-06dc-4cd4-b536-e2910ac0d052"
  },
  {
    "baseType": 3,
    "name": "result_url",
    "defaultValue": "",
    "description": "",
    "helpText": "",
    "isSystem": false,
    "minLength": 0,
    "maxLength": 2000,
    "validationRegex": "",
    "isValidate": false,
    "uuid": "dcb7074b-6a80-4f28-b220-9a9868f8bd5c"
  },
  {
    "baseType": 3,
    "name": "status",
    "defaultValue": "",
    "description": "",
    "helpText": "",
    "isSystem": false,
    "minLength": 0,
    "maxLength": 30,
    "validationRegex": "",
    "isValidate": false,
    "uuid": "ed9ea7d7-700e-41da-927f-5e366db70404"
  },
  {
    "baseType": 3,
    "name": "summary",
    "defaultValue": "",
    "description": "",
    "helpText": "",
    "isSystem": false,
    "minLength": 0,
    "maxLength": 200,
    "validationRegex": "",
    "isValidate": false,
    "uuid": "0acb3f77-cb1f-4d1d-aa46-c271771a79e7"
  },
  {
    "baseType": 3,
    "name": "threshold",
    "defaultValue": "",
    "description": "",
    "helpText": "",
    "isSystem": false,
    "minLength": 0,
    "maxLength": 200,
    "validationRegex": "",
    "isValidate": false,
    "uuid": "ba5bbb2b-f4d7-4253-b618-16807ad3a91f"
  },
  {
    "baseType": 3,
    "name": "trigger_description",
    "defaultValue": "",
    "description": "",
    "helpText": "",
    "isSystem": false,
    "minLength": 0,
    "maxLength": 2000,
    "validationRegex": "",
    "isValidate": false,
    "uuid": "ebdeae3d-f6e7-4626-a886-a4d742193cb9"
  },
  {
    "baseType": 3,
    "name": "trigger_url",
    "defaultValue": "",
    "description": "",
    "helpText": "",
    "isSystem": false,
    "minLength": 0,
    "maxLength": 2000,
    "validationRegex": "",
    "isValidate": false,
    "uuid": "a8832a5a-da44-42ef-93cc-f4372b10948e"
  }
]